{
  "parent": "minecraft:recipes/root",
  "rewards": {
    "recipes": [
      "custom:light_blue_wool_easy"
    ]
  },
  "criteria": {
    "has_light_blue": {
      "trigger": "minecraft:inventory_changed",
      "conditions": {
        "items": [
          {
            "item": "minecraft:light_blue_dye"
          }
        ]
      }
    },
    "has_the_recipe": {
      "trigger": "minecraft:recipe_unlocked",
      "conditions": {
        "recipe": "custom:light_blue_wool_easy"
      }
    }
  },
  "requirements": [
    [
      "has_light_blue",
      "has_the_recipe"
    ]
  ]
}