{
  "parent": "minecraft:recipes/root",
  "rewards": {
    "recipes": [
      "custom:petrified_oak_slab"
    ]
  },
  "criteria": {
    "has_oak_slab": {
      "trigger": "minecraft:inventory_changed",
      "conditions": {
        "items": [
          {
            "item": "minecraft:oak_slab"
          }
        ]
      }
    },
    "has_the_recipe": {
      "trigger": "minecraft:recipe_unlocked",
      "conditions": {
        "recipe": "custom:petrified_oak_slab"
      }
    }
  },
  "requirements": [
    [
      "has_oak_slab",
      "has_the_recipe"
    ]
  ]
}