{
	"parent": "minecraft:recipes/root",
	"rewards": {
		"recipes": [
			"custom:podzol"
		]
	},
	"criteria": {
		"in_giant_tree_taiga": {
			"trigger": "minecraft:location",
			"conditions": {
				"biome": "giant_tree_taiga"
			}
		},
		"in_giant_spruce_taiga": {
			"trigger": "minecraft:location",
			"conditions": {
				"biome": "giant_spruce_taiga"
			}
		},
		"has_podzol": {
			"trigger": "minecraft:inventory_changed",
			"conditions": {
				"items": [{
					"item": "minecraft:podzol"
				}]
			}
		},
		"has_the_recipe": {
			"trigger": "minecraft:recipe_unlocked",
			"conditions": {
				"recipe": "custom:podzol"
			}
		}
	},
	"requirements": [
		[
			"in_giant_tree_taiga",
			"in_giant_spruce_taiga",
			"has_podzol",
			"has_the_recipe"
		]
	]
}