{
    "display": {
        "icon": {
            "item": "minecraft:bowl"
        },
        "title": "Bowling",
        "description": "Craft a bowl"
    },
    "parent": "custom:forestry/planks",	
    "criteria": {
        "bowl": {
            "trigger": "minecraft:inventory_changed",
            "conditions": {
                "items": [
                    {
                        "item": "minecraft:bowl"
                    }
                ]
            }
        }
    }
}