{
    "display": {
        "icon": {
            "item": "minecraft:charcoal"
        },
        "title": "Renewable Energy",
        "description": "Cook a log to get charcoal"
    },
    "parent": "custom:forestry/log",	
    "criteria": {
        "charcoal": {
            "trigger": "minecraft:inventory_changed",
            "conditions": {
                "items": [
                    {
                        "item": "minecraft:charcoal"
                    }
                ]
            }
        }
    }
}