{
    "display": {
        "icon": {
            "item": "minecraft:birch_door"
        },
        "title": "Knock on Wood",
        "description": "Craft a door"
    },
    "parent": "custom:forestry/planks",
    "criteria": {
        "oak_door": {
            "trigger": "minecraft:inventory_changed",
            "conditions": {
                "items": [
                    {
                        "item": "minecraft:oak_door"
                    }
                ]
            }
        },
        "spruce_door": {
            "trigger": "minecraft:inventory_changed",
            "conditions": {
                "items": [
                    {
                        "item": "minecraft:spruce_door"
                    }
                ]
            }
        },
		"birch_door": {
            "trigger": "minecraft:inventory_changed",
            "conditions": {
                "items": [
                    {
                        "item": "minecraft:birch_door"
                    }
                ]
            }
        },
        "jungle_door": {
            "trigger": "minecraft:inventory_changed",
            "conditions": {
                "items": [
                    {
                        "item": "minecraft:jungle_door"
                    }
                ]
            }
        },
        "acacia_door": {
            "trigger": "minecraft:inventory_changed",
            "conditions": {
                "items": [
                    {
                        "item": "minecraft:acacia_door"
                    }
                ]
            }
        },
        "dark_oak_door": {
            "trigger": "minecraft:inventory_changed",
            "conditions": {
                "items": [
                    {
                        "item": "minecraft:dark_oak_door"
                    }
                ]
            }
        }
	},
	"requirements": [
		[
			"oak_door",
			"spruce_door",
			"birch_door",
			"jungle_door",
			"acacia_door",
			"dark_oak_door"
		]
	]
}