{
    "display": {
        "icon": {
            "item": "minecraft:dark_oak_leaves"
        },
        "title": "Hedge Fund",
        "description": "Collect some leaves"
    },
    "parent": "custom:forestry/sapling",	
    "criteria": {
        "oak_leaves": {
            "trigger": "minecraft:inventory_changed",
            "conditions": {
                "items": [
                    {
                        "item": "minecraft:oak_leaves"
                    }
                ]
            }
        },
        "spruce_leaves": {
            "trigger": "minecraft:inventory_changed",
            "conditions": {
                "items": [
                    {
                        "item": "minecraft:spruce_leaves"
                    }
                ]
            }
        },
		"birch_leaves": {
            "trigger": "minecraft:inventory_changed",
            "conditions": {
                "items": [
                    {
                        "item": "minecraft:birch_leaves"
                    }
                ]
            }
        },
        "jungle_leaves": {
            "trigger": "minecraft:inventory_changed",
            "conditions": {
                "items": [
                    {
                        "item": "minecraft:jungle_leaves"
                    }
                ]
            }
        },
        "acacia_leaves": {
            "trigger": "minecraft:inventory_changed",
            "conditions": {
                "items": [
                    {
                        "item": "minecraft:acacia_leaves"
                    }
                ]
            }
        },
        "dark_oak_leaves": {
            "trigger": "minecraft:inventory_changed",
            "conditions": {
                "items": [
                    {
                        "item": "minecraft:dark_oak_leaves"
                    }
                ]
            }
        }
	},
	"requirements": [
		[
			"oak_leaves",
			"spruce_leaves",
			"birch_leaves",
			"jungle_leaves",
			"acacia_leaves",
			"dark_oak_leaves"
		]
	]
}