{
    "display": {
        "icon": {
            "item": "minecraft:acacia_planks"
        },
        "title": "Planking",
        "description": "Craft wooden planks"
    },
    "parent": "custom:forestry/log",
    "criteria": {
        "oak_planks": {
            "trigger": "minecraft:inventory_changed",
            "conditions": {
                "items": [
                    {
                        "item": "minecraft:oak_planks"
                    }
                ]
            }
        },
        "spruce_planks": {
            "trigger": "minecraft:inventory_changed",
            "conditions": {
                "items": [
                    {
                        "item": "minecraft:spruce_planks"
                    }
                ]
            }
        },
		"birch_planks": {
            "trigger": "minecraft:inventory_changed",
            "conditions": {
                "items": [
                    {
                        "item": "minecraft:birch_planks"
                    }
                ]
            }
        },
        "jungle_planks": {
            "trigger": "minecraft:inventory_changed",
            "conditions": {
                "items": [
                    {
                        "item": "minecraft:jungle_planks"
                    }
                ]
            }
        },
        "acacia_planks": {
            "trigger": "minecraft:inventory_changed",
            "conditions": {
                "items": [
                    {
                        "item": "minecraft:acacia_planks"
                    }
                ]
            }
        },
        "dark_oak_planks": {
            "trigger": "minecraft:inventory_changed",
            "conditions": {
                "items": [
                    {
                        "item": "minecraft:dark_oak_planks"
                    }
                ]
            }
        }
	},
	"requirements": [
		[
			"oak_planks",
			"spruce_planks",
			"birch_planks",
			"jungle_planks",
			"acacia_planks",
			"dark_oak_planks"
		]
	]
}