{
    "display": {
        "icon": {
            "item": "minecraft:oak_sapling"
        },
        "title": "Arborist",
        "description": "Collect a sapling"
    },
    "parent": "custom:forestry/log",	
    "criteria": {
        "oak_sapling": {
            "trigger": "minecraft:inventory_changed",
            "conditions": {
                "items": [
                    {
                        "item": "minecraft:oak_sapling"
                    }
                ]
            }
        },
        "spruce_sapling": {
            "trigger": "minecraft:inventory_changed",
            "conditions": {
                "items": [
                    {
                        "item": "minecraft:spruce_sapling"
                    }
                ]
            }
        },
		"birch_sapling": {
            "trigger": "minecraft:inventory_changed",
            "conditions": {
                "items": [
                    {
                        "item": "minecraft:birch_sapling"
                    }
                ]
            }
        },
        "jungle_sapling": {
            "trigger": "minecraft:inventory_changed",
            "conditions": {
                "items": [
                    {
                        "item": "minecraft:jungle_sapling"
                    }
                ]
            }
        },
        "acacia_sapling": {
            "trigger": "minecraft:inventory_changed",
            "conditions": {
                "items": [
                    {
                        "item": "minecraft:acacia_sapling"
                    }
                ]
            }
        },
        "dark_oak_sapling": {
            "trigger": "minecraft:inventory_changed",
            "conditions": {
                "items": [
                    {
                        "item": "minecraft:dark_oak_sapling"
                    }
                ]
            }
        }
	},
	"requirements": [
		[
			"oak_sapling",
			"spruce_sapling",
			"birch_sapling",
			"jungle_sapling",
			"acacia_sapling",
			"dark_oak_sapling"
		]
	]
}