{
    "display": {
        "icon": {
            "item": "minecraft:stick"
        },
        "title": "Poke Poke",
        "description": "Craft a stick"
    },
    "parent": "custom:forestry/planks",	
    "criteria": {
        "stick": {
            "trigger": "minecraft:inventory_changed",
            "conditions": {
                "items": [
                    {
                        "item": "minecraft:stick"
                    }
                ]
            }
        }
    }
}