{
    "display": {
        "icon": {
            "item": "minecraft:stripped_birch_log"
        },
        "title": "Stripped Down",
        "description": "Strip a log of its bark"
    },
    "parent": "custom:forestry/log",	
    "criteria": {
        "stripped_oak_log": {
            "trigger": "minecraft:inventory_changed",
            "conditions": {
                "items": [
                    {
                        "item": "minecraft:stripped_oak_log"
                    }
                ]
            }
        },
        "stripped_spruce_log": {
            "trigger": "minecraft:inventory_changed",
            "conditions": {
                "items": [
                    {
                        "item": "minecraft:stripped_spruce_log"
                    }
                ]
            }
        },
		"stripped_birch_log": {
            "trigger": "minecraft:inventory_changed",
            "conditions": {
                "items": [
                    {
                        "item": "minecraft:stripped_birch_log"
                    }
                ]
            }
        },
        "stripped_jungle_log": {
            "trigger": "minecraft:inventory_changed",
            "conditions": {
                "items": [
                    {
                        "item": "minecraft:stripped_jungle_log"
                    }
                ]
            }
        },
        "stripped_acacia_log": {
            "trigger": "minecraft:inventory_changed",
            "conditions": {
                "items": [
                    {
                        "item": "minecraft:stripped_acacia_log"
                    }
                ]
            }
        },
        "stripped_dark_oak_log": {
            "trigger": "minecraft:inventory_changed",
            "conditions": {
                "items": [
                    {
                        "item": "minecraft:stripped_dark_oak_log"
                    }
                ]
            }
        }
	},
	"requirements": [
		[
			"stripped_oak_log",
			"stripped_spruce_log",
			"stripped_birch_log",
			"stripped_jungle_log",
			"stripped_acacia_log",
			"stripped_dark_oak_log"
		]
	]
}