{
  "parent": "minecraft:recipes/root",
  "rewards": {
    "recipes": [
      "custom:cobweb"
    ]
  },
  "criteria": {
    "in_mineshaft": {
      "trigger": "minecraft:location",
      "conditions": {
        "feature": "Mineshaft"
      }
    },
	"has_cobweb": {
		"trigger": "minecraft:inventory_changed",
		"conditions": {
			"items": [
				{
					"item": "minecraft:cobweb"
				}
			]
		}
	},
    "has_the_recipe": {
      "trigger": "minecraft:recipe_unlocked",
      "conditions": {
        "recipe": "custom:cobweb"
      }
    }
  },
  "requirements": [
    [
      "in_mineshaft",
	  "has_cobweb",
      "has_the_recipe"
    ]
  ]
}