{
  "parent": "minecraft:recipes/root",
  "rewards": {
    "recipes": [
      "custom:jungle_sapling"
    ]
  },
  "criteria": {
    "has_leaves": {
      "trigger": "minecraft:inventory_changed",
      "conditions": {
        "items": [
          {
            "item": "minecraft:jungle_leaves"
          }
        ]
      }
    },
    "has_the_recipe": {
      "trigger": "minecraft:recipe_unlocked",
      "conditions": {
        "recipe": "custom:jungle_sapling"
      }
    }
  },
  "requirements": [
    [
      "has_leaves",
      "has_the_recipe"
    ]
  ]
}