{
	"display": {
		"icon": {
			"item": "minecraft:bubble_coral"
		},
		"title": "Acorable",
		"description": "Collect all 5 coral types"
	},
	"parent": "custom:collection/coral_block",
	"rewards": {
		"experience": 25
	},
	"criteria": {
		"tube": {
			"trigger": "minecraft:inventory_changed",
			"conditions": {
				"items": [
					{
						"item": "minecraft:tube_coral"
					}
				]
			}
		},
		"brain": {
			"trigger": "minecraft:inventory_changed",
			"conditions": {
				"items": [
					{
						"item": "minecraft:brain_coral"
					}
				]
			}
		},
		"bubble": {
			"trigger": "minecraft:inventory_changed",
			"conditions": {
				"items": [
					{
						"item": "minecraft:bubble_coral"
					}
				]
			}
		},
		"fire": {
			"trigger": "minecraft:inventory_changed",
			"conditions": {
				"items": [
					{
						"item": "minecraft:fire_coral"
					}
				]
			}
		},
		"horn": {
			"trigger": "minecraft:inventory_changed",
			"conditions": {
				"items": [
					{
						"item": "minecraft:horn_coral"
					}
				]
			}
		}
	}
}