{
	"display": {
		"icon": {
			"item": "minecraft:rose_red"
		},
		"title": "The Rainbow",
		"description": "World of Color",
		"background": "minecraft:textures/block/white_concrete.png",
		"show_toast": false,
		"announce_to_chat": false
	},
	"criteria": {
		"ink": {
			"trigger": "minecraft:inventory_changed",
			"conditions": {
				"items": [
					{
						"item": "minecraft:ink_sac"
					}
				]
			}
		},
		"red": {
			"trigger": "minecraft:inventory_changed",
			"conditions": {
				"items": [
					{
						"item": "minecraft:rose_red"
					}
				]
			}
		},
		"green": {
			"trigger": "minecraft:inventory_changed",
			"conditions": {
				"items": [
					{
						"item": "minecraft:cactus_green"
					}
				]
			}
		},
		"cocoa": {
			"trigger": "minecraft:inventory_changed",
			"conditions": {
				"items": [
					{
						"item": "minecraft:cocoa_beans"
					}
				]
			}
		},
		"lapis": {
			"trigger": "minecraft:inventory_changed",
			"conditions": {
				"items": [
					{
						"item": "minecraft:lapis_lazuli"
					}
				]
			}
		},
		"purple": {
			"trigger": "minecraft:inventory_changed",
			"conditions": {
				"items": [
					{
						"item": "minecraft:purple_dye"
					}
				]
			}
		},
		"cyan": {
			"trigger": "minecraft:inventory_changed",
			"conditions": {
				"items": [
					{
						"item": "minecraft:cyan_dye"
					}
				]
			}
		},
		"light_gray": {
			"trigger": "minecraft:inventory_changed",
			"conditions": {
				"items": [
					{
						"item": "minecraft:light_gray_dye"
					}
				]
			}
		},
		"gray": {
			"trigger": "minecraft:inventory_changed",
			"conditions": {
				"items": [
					{
						"item": "minecraft:gray_dye"
					}
				]
			}
		},
		"pink": {
			"trigger": "minecraft:inventory_changed",
			"conditions": {
				"items": [
					{
						"item": "minecraft:pink_dye"
					}
				]
			}
		},
		"lime": {
			"trigger": "minecraft:inventory_changed",
			"conditions": {
				"items": [
					{
						"item": "minecraft:lime_dye"
					}
				]
			}
		},
		"yellow": {
			"trigger": "minecraft:inventory_changed",
			"conditions": {
				"items": [
					{
						"item": "minecraft:dandelion_yellow"
					}
				]
			}
		},
		"light_blue": {
			"trigger": "minecraft:inventory_changed",
			"conditions": {
				"items": [
					{
						"item": "minecraft:light_blue_dye"
					}
				]
			}
		},
		"magenta": {
			"trigger": "minecraft:inventory_changed",
			"conditions": {
				"items": [
					{
						"item": "minecraft:magenta_dye"
					}
				]
			}
		},
		"orange": {
			"trigger": "minecraft:inventory_changed",
			"conditions": {
				"items": [
					{
						"item": "minecraft:orange_dye"
					}
				]
			}
		},
		"bone_meal": {
			"trigger": "minecraft:inventory_changed",
			"conditions": {
				"items": [
					{
						"item": "minecraft:bone_meal"
					}
				]
			}
		}
	},
	"requirments": [
		[
			"ink",
			"red",
			"green",
			"cocoa",
			"lapis",
			"purple",
			"cyan",
			"light_gray",
			"gray",
			"pink",
			"lime",
			"yellow",
			"light_blue",
			"magenta",
			"orange",
			"bone_meal"
		]
	]
}