{
	"display": {
		"icon": {
			"item": "minecraft:lime_shulker_box"
		},
		"title": "Somewhere over the Rainbow...",
		"description": "Collect all 16 shulker box colors"
	},
	"parent": "custom:collection/all_dye",
	"rewards": {
		"experience": 50
	},
	"criteria": {
		"normal": {
			"trigger": "minecraft:inventory_changed",
			"conditions": {
				"items": [
					{
						"item": "minecraft:shulker_box"
					}
				]
			}
		},
		"white": {
			"trigger": "minecraft:inventory_changed",
			"conditions": {
				"items": [
					{
						"item": "minecraft:white_shulker_box"
					}
				]
			}
		},
		"orange": {
			"trigger": "minecraft:inventory_changed",
			"conditions": {
				"items": [
					{
						"item": "minecraft:orange_shulker_box"
					}
				]
			}
		},
		"magenta": {
			"trigger": "minecraft:inventory_changed",
			"conditions": {
				"items": [
					{
						"item": "minecraft:magenta_shulker_box"
					}
				]
			}
		},
		"light_blue": {
			"trigger": "minecraft:inventory_changed",
			"conditions": {
				"items": [
					{
						"item": "minecraft:light_blue_shulker_box"
					}
				]
			}
		},
		"yellow": {
			"trigger": "minecraft:inventory_changed",
			"conditions": {
				"items": [
					{
						"item": "minecraft:yellow_shulker_box"
					}
				]
			}
		},
		"lime": {
			"trigger": "minecraft:inventory_changed",
			"conditions": {
				"items": [
					{
						"item": "minecraft:lime_shulker_box"
					}
				]
			}
		},
		"pink": {
			"trigger": "minecraft:inventory_changed",
			"conditions": {
				"items": [
					{
						"item": "minecraft:pink_shulker_box"
					}
				]
			}
		},
		"gray": {
			"trigger": "minecraft:inventory_changed",
			"conditions": {
				"items": [
					{
						"item": "minecraft:gray_shulker_box"
					}
				]
			}
		},
		"light_gray": {
			"trigger": "minecraft:inventory_changed",
			"conditions": {
				"items": [
					{
						"item": "minecraft:light_blue_shulker_box"
					}
				]
			}
		},
		"cyan": {
			"trigger": "minecraft:inventory_changed",
			"conditions": {
				"items": [
					{
						"item": "minecraft:cyan_shulker_box"
					}
				]
			}
		},
		"purple": {
			"trigger": "minecraft:inventory_changed",
			"conditions": {
				"items": [
					{
						"item": "minecraft:purple_shulker_box"
					}
				]
			}
		},
		"blue": {
			"trigger": "minecraft:inventory_changed",
			"conditions": {
				"items": [
					{
						"item": "minecraft:blue_shulker_box"
					}
				]
			}
		},
		"brown": {
			"trigger": "minecraft:inventory_changed",
			"conditions": {
				"items": [
					{
						"item": "minecraft:brown_shulker_box"
					}
				]
			}
		},
		"green": {
			"trigger": "minecraft:inventory_changed",
			"conditions": {
				"items": [
					{
						"item": "minecraft:green_shulker_box"
					}
				]
			}
		},
		"red": {
			"trigger": "minecraft:inventory_changed",
			"conditions": {
				"items": [
					{
						"item": "minecraft:red_shulker_box"
					}
				]
			}
		},
		"black": {
			"trigger": "minecraft:inventory_changed",
			"conditions": {
				"items": [
					{
						"item": "minecraft:black_shulker_box"
					}
				]
			}
		}
	}
}