{
	"parent": "minecraft:nether/all_potions",
	"display": {
		"icon": {
			"item": "minecraft:bucket"
		},
		"title": {
			"translate": "advancements.nether.all_effects.title"
		},
		"description": {
			"translate": "advancements.nether.all_effects.description"
		},
		"frame": "challenge",
		"hidden": true
	},
	"rewards": {
		"experience": 1000
	},
	"criteria": {
		"all_effects": {
			"trigger": "minecraft:effects_changed",
			"conditions": {
				"effects": {
					"minecraft:absorption": {},
					"minecraft:speed": {},
					"minecraft:haste": {},
					"minecraft:resistance": {},
					"minecraft:jump_boost": {},
					"minecraft:water_breathing": {},
					"minecraft:nausea": {},
					"minecraft:slow_falling": {},
					"minecraft:hunger": {},
					"minecraft:invisibility": {},
					"minecraft:mining_fatigue": {},
					"minecraft:fire_resistance": {},
					"minecraft:regeneration": {},
					"minecraft:strength": {},
					"minecraft:glowing": {},
					"minecraft:conduit_power": {},
					"minecraft:poison": {},
					"minecraft:slowness": {},
					"minecraft:night_vision": {},
					"minecraft:weakness": {},
					"minecraft:wither": {},
					"minecraft:levitation": {},
					"minecraft:dolphins_grace": {}
				}
			}
		}
	}
}