{
    "display": {
        "icon": {
            "item": "minecraft:player_head",
			"nbt": "{SkullOwner:ZombiePigman}"
        },
        "title": "Piggy Biker Gang",
        "description": "If you mess with one, you mess with all of them"
    },
    "parent": "minecraft:nether/root",  
    "criteria": {
        "hurt_pigman": {
            "trigger": "minecraft:player_hurt_entity",
            "conditions": {
                "entity": {
                    "type": "minecraft:zombie_pigman"
                }
            }
        }
    }
}