{
    "display": {
        "icon": {
            "item": "minecraft:brewing_stand"
        },
        "title": "Brewing Machine",
        "description": "Craft a brewing stand"
    },
    "parent": "minecraft:nether/get_blaze_rod",
    "criteria": {
        "brewing_stand": {
            "trigger": "minecraft:inventory_changed",
            "conditions": {
                "items": [
                    {
                        "item": "minecraft:brewing_stand"
                    }
                ]
            }
        }
    }
}