{
    "display": {
        "icon": {
            "item": "minecraft:beacon"
        },
        "title": {
            "translate": "advancements.nether.create_beacon.title"
        },
        "description": {
            "translate": "Construct and place a beacon"
        }
    },
    "parent": "minecraft:nether/summon_wither",
    "criteria": {
        "create_beacon": {
            "trigger": "minecraft:construct_beacon",
            "conditions": {
                "level": {"min": 1}
            }
        }
    }
}