{
    "display": {
        "icon": {
            "item": "minecraft:glass_bottle"
        },
        "title": "A Much More Doable Challenge",
        "description": "Get all possible potion effects during your life",
		"frame": "challenge"
    },
    "parent": "minecraft:nether/all_potions",
    "rewards": {
		"experience": 200
    },		
    "criteria": {
        "speed": {
            "trigger": "minecraft:effects_changed",
            "conditions": {
                "effects": {
                    "minecraft:speed": {}
                }
            }
        },
        "slowness": {
            "trigger": "minecraft:effects_changed",
            "conditions": {
                "effects": {
                    "minecraft:slowness": {}
                }
            }
        },
		"haste": {
            "trigger": "minecraft:effects_changed",
            "conditions": {
                "effects": {
                    "minecraft:haste": {}
                }
            }
        },
		"mining_fatigue": {
            "trigger": "minecraft:effects_changed",
            "conditions": {
                "effects": {
                    "minecraft:mining_fatigue": {}
                }
            }
        },
        "strength": {
            "trigger": "minecraft:effects_changed",
            "conditions": {
                "effects": {
                    "minecraft:strength": {}
                }
            }
        },
        "jump_boost": {
            "trigger": "minecraft:effects_changed",
            "conditions": {
                "effects": {
                    "minecraft:jump_boost": {}
                }
            }
        },
		"nausea": {
            "trigger": "minecraft:effects_changed",
            "conditions": {
                "effects": {
                    "minecraft:nausea": {}
                }
            }
        },
        "regeneration": {
            "trigger": "minecraft:effects_changed",
            "conditions": {
                "effects": {
                    "minecraft:regeneration": {}
                }
            }
        },
		"resistance": {
            "trigger": "minecraft:effects_changed",
            "conditions": {
                "effects": {
                    "minecraft:resistance": {}
                }
            }
        },
        "fire_resistance": {
            "trigger": "minecraft:effects_changed",
            "conditions": {
                "effects": {
                    "minecraft:fire_resistance": {}
                }
            }
        },
        "water_breathing": {
            "trigger": "minecraft:effects_changed",
            "conditions": {
                "effects": {
                    "minecraft:water_breathing": {}
                }
            }
        },
        "invisibility": {
            "trigger": "minecraft:effects_changed",
            "conditions": {
                "effects": {
                    "minecraft:invisibility": {}
                }
            }
        },
        "night_vision": {
            "trigger": "minecraft:effects_changed",
            "conditions": {
                "effects": {
                    "minecraft:night_vision": {}
                }
            }
        },
		"hunger": {
            "trigger": "minecraft:effects_changed",
            "conditions": {
                "effects": {
                    "minecraft:hunger": {}
                }
            }
        },		
        "weakness": {
            "trigger": "minecraft:effects_changed",
            "conditions": {
                "effects": {
                    "minecraft:weakness": {}
                }
            }
        },
        "poison": {
            "trigger": "minecraft:effects_changed",
            "conditions": {
                "effects": {
                    "minecraft:poison": {}
                }
            }
        },
        "wither": {
            "trigger": "minecraft:effects_changed",
            "conditions": {
                "effects": {
                    "minecraft:wither": {}
                }
            }
        },
		"absorption": {
            "trigger": "minecraft:effects_changed",
            "conditions": {
                "effects": {
                    "minecraft:absorption": {}
                }
            }
        },
		"glowing": {
            "trigger": "minecraft:effects_changed",
            "conditions": {
                "effects": {
                    "minecraft:glowing": {}
                }
            }
        },
        "levitation": {
            "trigger": "minecraft:effects_changed",
            "conditions": {
                "effects": {
                    "minecraft:levitation": {}
                }
            }
        },
		"slow_falling": {
			"trigger": "minecraft:effects_changed",
			"conditions": {
				"effects": {
					"minecraft:slow_falling": {}
				}
			}
		},
		"conduit_power": {
			"trigger": "minecraft:effects_changed",
			"conditions": {
				"effects": {
					"minecraft:conduit_power": {}
				}
			}
		},
		"dolphins_grace": {
			"trigger": "minecraft:effects_changed",
			"conditions": {
				"effects": {
					"minecraft:dolphins_grace": {}
				}
			}
		}
    }
}