{
	"display": {
		"icon": {
			"item": "minecraft:map"
		},
		"title": {
			"translate": "advancements.nether.fast_travel.title"
		},
		"description": {
			"translate": "advancements.nether.fast_travel.description"
		},
		"frame": "challenge"
	},
	"rewards": {
		"experience": 100
	},
	"parent": "minecraft:nether/place_ice_in_the_nether",
	"criteria": {
		"travelled": {
			"trigger": "minecraft:nether_travel",
			"conditions": {
				"distance": {
					"horizontal": {
						"min": 7000.0
					}
				}
			}
		}
	}
}