{
    "display": {
        "icon": {
            "item": "minecraft:potion",
			"nbt": "{Potion:\"minecraft:fire_resistance\"}"
        },
        "title": "Stayin' Frosty",
        "description": "Drink a fire resistance potion"
    },
    "parent": "minecraft:nether/brew_potion",
    "criteria": {
        "fire_resistance": {
            "trigger": "minecraft:effects_changed",
            "conditions": {
                "effects": {
                    "minecraft:fire_resistance": {}
                }
            }
        }
    }
}