{
    "display": {
        "icon": {
            "item": "minecraft:nether_wart"
        },
        "title": "Basis to Brew",
        "description": "Collect nether wart"
    },
    "parent": "minecraft:nether/soul_sand",	
    "criteria": {
        "nether_wart": {
            "trigger": "minecraft:inventory_changed",
            "conditions": {
                "items": [
                    {
                        "item": "minecraft:nether_wart"
                    }
                ]
            }
        }
    }
}