{
    "display": {
        "icon": {
            "item": "minecraft:soul_sand"
        },
        "title": "Spooky Sand",
        "description": "Mine soul sand"
    },
    "parent": "minecraft:nether/get_blaze_rod",
    "criteria": {
        "soul_sand": {
            "trigger": "minecraft:inventory_changed",
            "conditions": {
                "items": [
                    {
                        "item": "minecraft:soul_sand"
                    }
                ]
            }
        }
    }
}