{
    "display": {
        "icon": {
            "item": "minecraft:splash_potion",
			"nbt": "{Potion:\"minecraft:poison\"}"
        },
        "title": "Taste of Your Own Medicine",
        "description": "Kill a witch with a splash potion",
        "frame": "goal"
    },
    "parent": "minecraft:nether/brew_potion",  
    "criteria": {
        "splashed_witch": {
            "trigger": "minecraft:player_killed_entity",
            "conditions": {
                "entity": {
                    "type": "minecraft:witch"
                },
                "killing_blow": {
                    "is_magic": true
                    }
                }
            }
        }
    }
}