{
    "display": {
        "icon": {
            "item": "minecraft:nether_star"
        },
        "title": {
            "translate": "advancements.nether.summon_wither.title"
        },
        "description": {
            "translate": "Summon the wither"
        },
		"frame": "challenge"
    },
    "parent": "minecraft:nether/get_wither_skull",
	"rewards": {
        "experience": 100
    },
    "criteria": {
        "summon_wither": {
            "trigger": "minecraft:summoned_entity",
            "conditions": {
                "entity": {
                    "type": "wither"
                }
            }
        }
    }
}