{
	"display": {
		"icon": {
			"item": "minecraft:oak_boat"
		},
		"title": "Ship Shape",
		"description": "Create a vessel for your journey"
	},
	"parent": "custom:ocean/root",
	"criteria": {
		"oak": {
			"trigger": "minecraft:inventory_changed",
			"conditions": {
				"items": [
					{
						"item": "minecraft:oak_boat"
					}
				]
			}
		},
		"spruce": {
			"trigger": "minecraft:inventory_changed",
			"conditions": {
				"items": [
					{
						"item": "minecraft:spruce_boat"
					}
				]
			}
		},
		"birch": {
			"trigger": "minecraft:inventory_changed",
			"conditions": {
				"items": [
					{
						"item": "minecraft:birch_boat"
					}
				]
			}
		},
		"jungle": {
			"trigger": "minecraft:inventory_changed",
			"conditions": {
				"items": [
					{
						"item": "minecraft:jungle_boat"
					}
				]
			}
		},
		"acacia": {
			"trigger": "minecraft:inventory_changed",
			"conditions": {
				"items": [
					{
						"item": "minecraft:acacia_boat"
					}
				]
			}
		},
		"dark_oak": {
			"trigger": "minecraft:inventory_changed",
			"conditions": {
				"items": [
					{
						"item": "minecraft:dark_oak_boat"
					}
				]
			}
		}
	},
	"requirements": [
		[
			"oak",
			"birch",
			"spruce",
			"jungle",
			"acacia",
			"dark_oak"
		]
	]
}