{
	"display": {
		"icon": {
			"item": "minecraft:pufferfish"
		},
		"title": "Tall Tale",
		"description": "Catch all four types of fish",
		"frame": "goal"
	},
	"parent": "custom:ocean/cooked_fish",
	"criteria": {
		"cod": {
			"trigger": "minecraft:inventory_changed",
			"conditions": {
				"items": [
					{
						"item": "minecraft:cod"
					}
				]
			}
		},
		"salmon": {
			"trigger": "minecraft:inventory_changed",
			"conditions": {
				"items": [
					{
						"item": "minecraft:salmon"
					}
				]
			}
		},
		"tropical_fish": {
			"trigger": "minecraft:inventory_changed",
			"conditions": {
				"items": [
					{
						"item": "minecraft:tropical_fish"
					}
				]
			}
		},
		"pufferfish": {
			"trigger": "minecraft:inventory_changed",
			"conditions": {
				"items": [
					{
						"item": "minecraft:pufferfish"
					}
				]
			}
		}
	}
}