{
    "display": {
        "icon": {
            "item": "minecraft:conduit"
        },
        "title": "Open Your Eyes",
        "description": "Activate a conduit",
		"frame": "goal"
    },
    "parent": "custom:ocean/treasure",
    "criteria": {
        "conduit_power": {
            "trigger": "minecraft:effects_changed",
            "conditions": {
                "effects": {
                    "minecraft:conduit_power": {}
                }
            }
        }
    }
}