{
	"display": {
		"icon": {
			"item": "minecraft:cooked_cod"
		},
		"title": "Delicious Fish",
		"description": "Catch and cook a fish"
	},
	"parent": "custom:ocean/fishy_business",
	"criteria": {
		"cooked_cod": {
			"trigger": "minecraft:inventory_changed",
			"conditions": {
				"items": [
					{
						"item": "minecraft:cooked_cod"
					}
				]
			}
		},
		"cooked_salmon": {
			"trigger": "minecraft:inventory_changed",
			"conditions": {
				"items": [
					{
						"item": "minecraft:cooked_salmon"
					}
				]
			}
		}
	},
	"requirements": [
		[
			"cooked_cod",
			"cooked_salmon"
		]
	]
}