{
	"display": {
		"icon": {
			"item": "minecraft:dead_bubble_coral_block"
		},
		"title": "Sun-Dried",
		"description": "Kill coral"
	},
	"parent": "custom:ocean/coral_block",
	"criteria": {
		"dead_tube": {
			"trigger": "minecraft:inventory_changed",
			"conditions": {
				"items": [
					{
						"item": "minecraft:dead_tube_coral_block"
					}
				]
			}
		},
		"dead_brain": {
			"trigger": "minecraft:inventory_changed",
			"conditions": {
				"items": [
					{
						"item": "minecraft:dead_brain_coral_block"
					}
				]
			}
		},
		"dead_bubble": {
			"trigger": "minecraft:inventory_changed",
			"conditions": {
				"items": [
					{
						"item": "minecraft:dead_bubble_coral_block"
					}
				]
			}
		},
		"dead_fire": {
			"trigger": "minecraft:inventory_changed",
			"conditions": {
				"items": [
					{
						"item": "minecraft:dead_fire_coral_block"
					}
				]
			}
		},
		"dead_horn": {
			"trigger": "minecraft:inventory_changed",
			"conditions": {
				"items": [
					{
						"item": "minecraft:dead_horn_coral_block"
					}
				]
			}
		}
	},
	"requirements": [
		[
			"dead_tube",
			"dead_brain",
			"dead_bubble",
			"dead_fire",
			"dead_horn"
		]
	]
}