{
	"display": {
		"icon": {
			"item": "minecraft:blue_ice"
		},
		"title": "Across the Seven Seas",
		"description": "Explore all the ocean biomes",
		"frame": "challenge"
	},
	"parent": "custom:ocean/riptide",
	"rewards": {
		"experience": 250
	},
	"criteria": {
		"ocean": {
			"trigger": "minecraft:location",
			"conditions": {
				"biome": "minecraft:ocean"
			}
		},
		"frozen_ocean": {
			"trigger": "minecraft:location",
			"conditions": {
				"biome": "minecraft:frozen_ocean"
			}
		},
		"deep_ocean": {
			"trigger": "minecraft:location",
			"conditions": {
				"biome": "minecraft:deep_ocean"
			}
		},
		"warm_ocean": {
			"trigger": "minecraft:location",
			"conditions": {
				"biome": "minecraft:warm_ocean"
			}
		},
		"lukewarm_ocean": {
			"trigger": "minecraft:location",
			"conditions": {
				"biome": "minecraft:lukewarm_ocean"
			}
		},
		"cold_ocean": {
			"trigger": "minecraft:location",
			"conditions": {
				"biome": "minecraft:cold_ocean"
			}
		},
		"deep_lukewarm_ocean": {
			"trigger": "minecraft:location",
			"conditions": {
				"biome": "minecraft:deep_lukewarm_ocean"
			}
		},
		"deep_cold_ocean": {
			"trigger": "minecraft:location",
			"conditions": {
				"biome": "minecraft:deep_cold_ocean"
			}
		},
		"deep_frozen_ocean": {
			"trigger": "minecraft:location",
			"conditions": {
				"biome": "minecraft:deep_frozen_ocean"
			}
		}
	}
}