{
	"parent": "custom:ocean/fishy_business",
	"display": {
		"icon": {
			"item": "minecraft:cod_bucket"
		},
		"title": {
			"translate": "advancements.husbandry.tactical_fishing.title"
		},
		"description": {
			"translate": "advancements.husbandry.tactical_fishing.description"
		}
	},
	"criteria": {
		"cod_bucket": {
			"trigger": "minecraft:filled_bucket",
			"conditions": {
				"item": {
					"item": "minecraft:cod_bucket"
				}
			}
		},
		"tropical_fish_bucket": {
			"trigger": "minecraft:filled_bucket",
			"conditions": {
				"item": {
					"item": "minecraft:tropical_fish_bucket"
				}
			}
		},
		"pufferfish_bucket": {
			"trigger": "minecraft:filled_bucket",
			"conditions": {
				"item": {
					"item": "minecraft:pufferfish_bucket"
				}
			}
		},
		"salmon_bucket": {
			"trigger": "minecraft:filled_bucket",
			"conditions": {
				"item": {
					"item": "minecraft:salmon_bucket"
				}
			}
		}
	},
	"requirements": [
		[
			"cod_bucket",
			"tropical_fish_bucket",
			"pufferfish_bucket",
			"salmon_bucket"
		]
	]
}