{
	"display": {
		"icon": {
			"item": "minecraft:enchanted_book"
		},
		"title": "Enchanter Extraordinaire",
		"description": "Collect every enchantment",
		"frame": "challenge"
	},
	"parent": "minecraft:story/buy_book",
	"criteria": {
		"aqua_affinity": {
			"trigger": "minecraft:inventory_changed",
			"conditions": {
				"items": [
					{
						"enchantments": [
							{
								"enchantment": "minecraft:aqua_affinity"
							}
						]
					}
				]
			}
		},
		"bane_of_arthropods": {
			"trigger": "minecraft:inventory_changed",
			"conditions": {
				"items": [
					{
						"enchantments": [
							{
								"enchantment": "minecraft:bane_of_arthropods"
							}
						]
					}
				]
			}
		},
		"binding_curse": {
			"trigger": "minecraft:inventory_changed",
			"conditions": {
				"items": [
					{
						"enchantments": [
							{
								"enchantment": "minecraft:binding_curse"
							}
						]
					}
				]
			}
		},
		"blast_protection": {
			"trigger": "minecraft:inventory_changed",
			"conditions": {
				"items": [
					{
						"enchantments": [
							{
								"enchantment": "minecraft:blast_protection"
							}
						]
					}
				]
			}
		},
		"channeling": {
			"trigger": "minecraft:inventory_changed",
			"conditions": {
				"items": [
					{
						"enchantments": [
							{
								"enchantment": "minecraft:channeling"
							}
						]
					}
				]
			}
		},
		"depth_strider": {
			"trigger": "minecraft:inventory_changed",
			"conditions": {
				"items": [
					{
						"enchantments": [
							{
								"enchantment": "minecraft:depth_strider"
							}
						]
					}
				]
			}
		},
		"efficiency": {
			"trigger": "minecraft:inventory_changed",
			"conditions": {
				"items": [
					{
						"enchantments": [
							{
								"enchantment": "minecraft:efficiency"
							}
						]
					}
				]
			}
		},
		"feather_falling": {
			"trigger": "minecraft:inventory_changed",
			"conditions": {
				"items": [
					{
						"enchantments": [
							{
								"enchantment": "minecraft:feather_falling"
							}
						]
					}
				]
			}
		},
		"fire_aspect": {
			"trigger": "minecraft:inventory_changed",
			"conditions": {
				"items": [
					{
						"enchantments": [
							{
								"enchantment": "minecraft:fire_aspect"
							}
						]
					}
				]
			}
		},
		"fire_protection": {
			"trigger": "minecraft:inventory_changed",
			"conditions": {
				"items": [
					{
						"enchantments": [
							{
								"enchantment": "minecraft:fire_protection"
							}
						]
					}
				]
			}
		},
		"flame": {
			"trigger": "minecraft:inventory_changed",
			"conditions": {
				"items": [
					{
						"enchantments": [
							{
								"enchantment": "minecraft:flame"
							}
						]
					}
				]
			}
		},
		"fortune": {
			"trigger": "minecraft:inventory_changed",
			"conditions": {
				"items": [
					{
						"enchantments": [
							{
								"enchantment": "minecraft:fortune"
							}
						]
					}
				]
			}
		},
		"frost_walker": {
			"trigger": "minecraft:inventory_changed",
			"conditions": {
				"items": [
					{
						"enchantments": [
							{
								"enchantment": "minecraft:frost_walker"
							}
						]
					}
				]
			}
		},
		"impaling": {
			"trigger": "minecraft:inventory_changed",
			"conditions": {
				"items": [
					{
						"enchantments": [
							{
								"enchantment": "minecraft:impaling"
							}
						]
					}
				]
			}
		},
		"infinity": {
			"trigger": "minecraft:inventory_changed",
			"conditions": {
				"items": [
					{
						"enchantments": [
							{
								"enchantment": "minecraft:infinity"
							}
						]
					}
				]
			}
		},
		"knockback": {
			"trigger": "minecraft:inventory_changed",
			"conditions": {
				"items": [
					{
						"enchantments": [
							{
								"enchantment": "minecraft:knockback"
							}
						]
					}
				]
			}
		},
		"looting": {
			"trigger": "minecraft:inventory_changed",
			"conditions": {
				"items": [
					{
						"enchantments": [
							{
								"enchantment": "minecraft:loyalty"
							}
						]
					}
				]
			}
		},
		"loyalty": {
			"trigger": "minecraft:inventory_changed",
			"conditions": {
				"items": [
					{
						"enchantments": [
							{
								"enchantment": "minecraft:loyalty"
							}
						]
					}
				]
			}
		},
		"luck_of_the_sea": {
			"trigger": "minecraft:inventory_changed",
			"conditions": {
				"items": [
					{
						"enchantments": [
							{
								"enchantment": "minecraft:luck_of_the_sea"
							}
						]
					}
				]
			}
		},
		"lure": {
			"trigger": "minecraft:inventory_changed",
			"conditions": {
				"items": [
					{
						"enchantments": [
							{
								"enchantment": "minecraft:lure"
							}
						]
					}
				]
			}
		},
		"mending": {
			"trigger": "minecraft:inventory_changed",
			"conditions": {
				"items": [
					{
						"enchantments": [
							{
								"enchantment": "minecraft:mending"
							}
						]
					}
				]
			}
		},
		"power": {
			"trigger": "minecraft:inventory_changed",
			"conditions": {
				"items": [
					{
						"enchantments": [
							{
								"enchantment": "minecraft:power"
							}
						]
					}
				]
			}
		},
		"projectile_protection": {
			"trigger": "minecraft:inventory_changed",
			"conditions": {
				"items": [
					{
						"enchantments": [
							{
								"enchantment": "minecraft:projectile_protection"
							}
						]
					}
				]
			}
		},
		"protection": {
			"trigger": "minecraft:inventory_changed",
			"conditions": {
				"items": [
					{
						"enchantments": [
							{
								"enchantment": "minecraft:protection"
							}
						]
					}
				]
			}
		},
		"punch": {
			"trigger": "minecraft:inventory_changed",
			"conditions": {
				"items": [
					{
						"enchantments": [
							{
								"enchantment": "minecraft:punch"
							}
						]
					}
				]
			}
		},
		"respiration": {
			"trigger": "minecraft:inventory_changed",
			"conditions": {
				"items": [
					{
						"enchantments": [
							{
								"enchantment": "minecraft:respiration"
							}
						]
					}
				]
			}
		},
		"riptide": {
			"trigger": "minecraft:inventory_changed",
			"conditions": {
				"items": [
					{
						"enchantments": [
							{
								"enchantment": "minecraft:riptide"
							}
						]
					}
				]
			}
		},
		"sharpness": {
			"trigger": "minecraft:inventory_changed",
			"conditions": {
				"items": [
					{
						"enchantments": [
							{
								"enchantment": "minecraft:sharpness"
							}
						]
					}
				]
			}
		},
		"silk_touch": {
			"trigger": "minecraft:inventory_changed",
			"conditions": {
				"items": [
					{
						"enchantments": [
							{
								"enchantment": "minecraft:silk_touch"
							}
						]
					}
				]
			}
		},
		"smite": {
			"trigger": "minecraft:inventory_changed",
			"conditions": {
				"items": [
					{
						"enchantments": [
							{
								"enchantment": "minecraft:smite"
							}
						]
					}
				]
			}
		},
		"sweeping": {
			"trigger": "minecraft:inventory_changed",
			"conditions": {
				"items": [
					{
						"enchantments": [
							{
								"enchantment": "minecraft:sweeping"
							}
						]
					}
				]
			}
		},
		"thorns": {
			"trigger": "minecraft:inventory_changed",
			"conditions": {
				"items": [
					{
						"enchantments": [
							{
								"enchantment": "minecraft:thorns"
							}
						]
					}
				]
			}
		},
		"unbreaking": {
			"trigger": "minecraft:inventory_changed",
			"conditions": {
				"items": [
					{
						"enchantments": [
							{
								"enchantment": "minecraft:unbreaking"
							}
						]
					}
				]
			}
		},
		"vanishing_curse": {
			"trigger": "minecraft:inventory_changed",
			"conditions": {
				"items": [
					{
						"enchantments": [
							{
								"enchantment": "minecraft:vanishing_curse"
							}
						]
					}
				]
			}
		}
	}
}