{
	"display": {
		"icon": {
			"item": "minecraft:iron_axe"
		},
		"title": "MOAR Tools",
		"description": "Get one of every tool and weapon",
		"frame": "goal"
	},
	"parent": "minecraft:story/smelt_iron",
	"criteria": {
		"wood_shovel": {
			"trigger": "minecraft:inventory_changed",
			"conditions": {
				"items": [
					{
						"item": "minecraft:wooden_shovel"
					}
				]
			}
		},
		"stone_shovel": {
			"trigger": "minecraft:inventory_changed",
			"conditions": {
				"items": [
					{
						"item": "minecraft:stone_shovel"
					}
				]
			}
		},
		"gold_shovel": {
			"trigger": "minecraft:inventory_changed",
			"conditions": {
				"items": [
					{
						"item": "minecraft:golden_shovel"
					}
				]
			}
		},
		"iron_shovel": {
			"trigger": "minecraft:inventory_changed",
			"conditions": {
				"items": [
					{
						"item": "minecraft:iron_shovel"
					}
				]
			}
		},
		"diamond_shovel": {
			"trigger": "minecraft:inventory_changed",
			"conditions": {
				"items": [
					{
						"item": "minecraft:diamond_shovel"
					}
				]
			}
		},
		"wood_pick": {
			"trigger": "minecraft:inventory_changed",
			"conditions": {
				"items": [
					{
						"item": "minecraft:wooden_pickaxe"
					}
				]
			}
		},
		"stone_pick": {
			"trigger": "minecraft:inventory_changed",
			"conditions": {
				"items": [
					{
						"item": "minecraft:stone_pickaxe"
					}
				]
			}
		},
		"gold_pick": {
			"trigger": "minecraft:inventory_changed",
			"conditions": {
				"items": [
					{
						"item": "minecraft:golden_pickaxe"
					}
				]
			}
		},
		"iron_pick": {
			"trigger": "minecraft:inventory_changed",
			"conditions": {
				"items": [
					{
						"item": "minecraft:iron_pickaxe"
					}
				]
			}
		},
		"diamond_pick": {
			"trigger": "minecraft:inventory_changed",
			"conditions": {
				"items": [
					{
						"item": "minecraft:diamond_pickaxe"
					}
				]
			}
		},
		"wood_axe": {
			"trigger": "minecraft:inventory_changed",
			"conditions": {
				"items": [
					{
						"item": "minecraft:wooden_axe"
					}
				]
			}
		},
		"stone_axe": {
			"trigger": "minecraft:inventory_changed",
			"conditions": {
				"items": [
					{
						"item": "minecraft:stone_axe"
					}
				]
			}
		},
		"gold_axe": {
			"trigger": "minecraft:inventory_changed",
			"conditions": {
				"items": [
					{
						"item": "minecraft:golden_axe"
					}
				]
			}
		},
		"iron_axe": {
			"trigger": "minecraft:inventory_changed",
			"conditions": {
				"items": [
					{
						"item": "minecraft:iron_axe"
					}
				]
			}
		},
		"diamond_axe": {
			"trigger": "minecraft:inventory_changed",
			"conditions": {
				"items": [
					{
						"item": "minecraft:diamond_axe"
					}
				]
			}
		},
		"wood_hoe": {
			"trigger": "minecraft:inventory_changed",
			"conditions": {
				"items": [
					{
						"item": "minecraft:wooden_hoe"
					}
				]
			}
		},
		"stone_hoe": {
			"trigger": "minecraft:inventory_changed",
			"conditions": {
				"items": [
					{
						"item": "minecraft:stone_hoe"
					}
				]
			}
		},
		"gold_hoe": {
			"trigger": "minecraft:inventory_changed",
			"conditions": {
				"items": [
					{
						"item": "minecraft:golden_hoe"
					}
				]
			}
		},
		"iron_hoe": {
			"trigger": "minecraft:inventory_changed",
			"conditions": {
				"items": [
					{
						"item": "minecraft:iron_hoe"
					}
				]
			}
		},
		"diamond_hoe": {
			"trigger": "minecraft:inventory_changed",
			"conditions": {
				"items": [
					{
						"item": "minecraft:diamond_hoe"
					}
				]
			}
		},
		"wood_sword": {
			"trigger": "minecraft:inventory_changed",
			"conditions": {
				"items": [
					{
						"item": "minecraft:wooden_sword"
					}
				]
			}
		},
		"stone_sword": {
			"trigger": "minecraft:inventory_changed",
			"conditions": {
				"items": [
					{
						"item": "minecraft:stone_sword"
					}
				]
			}
		},
		"gold_sword": {
			"trigger": "minecraft:inventory_changed",
			"conditions": {
				"items": [
					{
						"item": "minecraft:golden_sword"
					}
				]
			}
		},
		"iron_sword": {
			"trigger": "minecraft:inventory_changed",
			"conditions": {
				"items": [
					{
						"item": "minecraft:iron_sword"
					}
				]
			}
		},
		"diamond_sword": {
			"trigger": "minecraft:inventory_changed",
			"conditions": {
				"items": [
					{
						"item": "minecraft:diamond_sword"
					}
				]
			}
		},
		"flint_and_steel": {
			"trigger": "minecraft:inventory_changed",
			"conditions": {
				"items": [
					{
						"item": "minecraft:flint_and_steel"
					}
				]
			}
		},
		"fishing_rod": {
			"trigger": "minecraft:inventory_changed",
			"conditions": {
				"items": [
					{
						"item": "minecraft:fishing_rod"
					}
				]
			}
		},
		"shears": {
			"trigger": "minecraft:inventory_changed",
			"conditions": {
				"items": [
					{
						"item": "minecraft:shears"
					}
				]
			}
		},
		"bow": {
			"trigger": "minecraft:inventory_changed",
			"conditions": {
				"items": [
					{
						"item": "minecraft:bow"
					}
				]
			}
		},
		"shield": {
			"trigger": "minecraft:inventory_changed",
			"conditions": {
				"items": [
					{
						"item": "minecraft:shield"
					}
				]
			}
		}
	},
	"requirements": [
		[
			"wood_shovel",
			"stone_shovel",
			"gold_shovel",
			"iron_shovel",
			"diamond_shovel"
		],
		[
			"wood_pick",
			"stone_pick",
			"gold_pick",
			"iron_pick",
			"diamond_pick"
		],
		[
			"wood_axe",
			"stone_axe",
			"gold_axe",
			"iron_axe",
			"diamond_axe"
		],
		[
			"wood_hoe",
			"stone_hoe",
			"gold_hoe",
			"iron_hoe",
			"diamond_hoe"
		],
		[
			"wood_sword",
			"stone_sword",
			"gold_sword",
			"iron_sword",
			"diamond_sword"
		],
		[
			"flint_and_steel"
		],
		[
			"fishing_rod"
		],
		[
			"shears"
		],
		[
			"bow"
		],
		[
			"shield"
		]
	]
}