{
    "display": {
        "icon": {
            "item": "minecraft:purpur_pillar"
        },
        "title": "PurPurfect",
        "description": "Craft all purpur variants",
        "frame": "goal"
    },
    "parent": "minecraft:end/chorus_fruit",      
    "criteria": {
        "purpur_block": {
            "trigger": "minecraft:inventory_changed",
            "conditions": {
                "items": [
                    {
                        "item": "minecraft:purpur_block"
                    }
                ]
            }
        },
        "purpur_pillar": {
            "trigger": "minecraft:inventory_changed",
            "conditions": {
                "items": [
                    {
                        "item": "minecraft:purpur_pillar"
                    }
                ]
            }
        },
        "purpur_stairs": {
            "trigger": "minecraft:inventory_changed",
            "conditions": {
                "items": [
                    {
                        "item": "minecraft:purpur_stairs"
                    }
                ]
            }
        },
        "purpur_slab": {
            "trigger": "minecraft:inventory_changed",
            "conditions": {
                "items": [
                    {
                        "item": "minecraft:purpur_slab"
                    }
                ]
            }
        }
    }       
}