{
    "display": {
        "icon": {
            "item": "minecraft:elytra",
			"nbt": "{Damage:431}"
        },
        "title": "Worn Out",
        "description": "Wear out an elytra",
        "frame": "goal"
    },
    "parent": "minecraft:end/elytra",
    "criteria": {
        "broken_elytra": {
            "trigger": "minecraft:inventory_changed",
            "conditions": {
                "items": [
                    {
                        "item": "minecraft:elytra",
						"durability": 1
                    }
                ]
            }
        }
    }
}