{
    "display": {
        "icon": {
            "item": "minecraft:chorus_fruit"
        },
        "title": "Choir Class",
        "description": "Attack a chorus tree until it collapses"
    },
    "parent": "minecraft:end/enter_end_gateway",	
    "criteria": {
        "chorus_fruit": {
            "trigger": "minecraft:inventory_changed",
            "conditions": {
                "items": [
                    {
                        "item": "minecraft:chorus_fruit"
                    }
                ]
            }
        }
    }
}