{
    "display": {
        "icon": {
            "item": "minecraft:dragon_head"
        },
        "title": {
            "translate": "advancements.end.kill_dragon.title"
        },
        "description": {
            "translate": "advancements.end.kill_dragon.description"
        },
		"frame": "challenge"
    },
    "parent": "end/root",
	"rewards": {
		"experience": 500
	},
    "criteria": {
        "killed_dragon": {
            "trigger": "minecraft:player_killed_entity",
            "conditions": {
                "entity": {
                    "type": "ender_dragon"
                }
            }
        }
    }
}