{
    "display": {
        "icon": {
            "item": "minecraft:lingering_potion",
			"nbt": "{Potion:\"minecraft:healing\"}"
		},
        "title": "Watch Your Step",
        "description": "Brew a lingering potion"
    },
    "parent": "minecraft:end/dragon_breath",
    "criteria": {
        "lingering_potion": {
            "trigger": "minecraft:inventory_changed",
            "conditions": {
                "items": [
                    {
                        "item": "minecraft:lingering_potion"
                    }
                ]
            }
        }
    }
}