{
    "display": {
        "icon": {
            "item": "minecraft:carved_pumpkin"
        },
        "title": {
            "translate": "advancements.adventure.summon_iron_golem.title"
        },
        "description": {
            "translate": "Summon an iron golem to help defend a village"
        }
    },
    "parent": "custom:exploration/trade",
    "criteria": {
        "summoned_golem": {
            "trigger": "minecraft:summoned_entity",
            "conditions": {
                "entity": {
                    "type": "minecraft:iron_golem"
                }
            }
        }
    }
}