{
    "display": {
        "icon": {
            "item": "minecraft:red_mushroom"
        },
        "title": "Shrooms",
        "description": "Gather both types of mushroom"
    },
    "parent": "custom:caving/root",	
    "criteria": {
        "brown": {
            "trigger": "minecraft:inventory_changed",
            "conditions": {
                "items": [
                    {
                        "item": "minecraft:brown_mushroom"
                    }
                ]
            }
        },
		"red": {
            "trigger": "minecraft:inventory_changed",
            "conditions": {
                "items": [
                    {
                        "item": "minecraft:red_mushroom"
                    }
                ]
            }
        }
    }
}