{
    "display": {
        "icon": {
            "item": "minecraft:flint"
        },
        "title": "Unclean Water",
        "description": "Collect flint from gravel"
    },
    "parent": "custom:caving/gravel",	
    "criteria": {
        "flint": {
            "trigger": "minecraft:inventory_changed",
            "conditions": {
                "items": [
                    {
                        "item": "minecraft:flint"
                    }
                ]
            }
        }
    }
}