{
    "display": {
        "icon": {
            "item": "minecraft:redstone"
        },
        "title": "Redstone",
        "description": "Power the world",
        "background": "minecraft:textures/gui/advancements/backgrounds/stone.png",
        "show_toast": false,
        "announce_to_chat": false
    },
    "criteria": {
        "redstone": {
            "trigger": "minecraft:inventory_changed",
            "conditions": {
                "items": [
                    {
                        "item": "minecraft:redstone"
                    }
                ]
            }
        }
    }
}