{
    "display": {
        "icon": {
            "item": "minecraft:tnt_minecart"
        },
        "title": "Mobile Explosion",
        "description": "Put TNT in a minecart"
    },
    "parent": "custom:redstone/tnt",	
    "criteria": {
        "tnt_minecart": {
            "trigger": "minecraft:inventory_changed",
            "conditions": {
                "items": [
                    {
                        "item": "minecraft:tnt_minecart"
                    }
                ]
            }
        }
    }
}