{
	"parent": "minecraft:recipes/root",
	"rewards": {
		"recipes": [
			"custom:tnt_minecart_easy"
		]
	},
	"criteria": {
		"has_iron_ingot": {
			"trigger": "minecraft:inventory_changed",
			"conditions": {
				"items": [{
					"item": "minecraft:iron_ingot"
				}]
			}
		},
		"has_the_recipe": {
			"trigger": "minecraft:recipe_unlocked",
			"conditions": {
				"recipe": "custom:tnt_minecart_easy"
			}
		}
	},
	"requirements": [
		[
			"has_iron_ingot",
			"has_the_recipe"
		]
	]
}