{
    "display": {
        "icon": {
            "item": "minecraft:creeper_head"
        },
        "title": "Thick Skull",
        "description": "Get a mob's head",
		"frame": "goal"
    },
    "parent": "custom:combat/root",	
    "criteria": {
        "skeleton": {
            "trigger": "minecraft:inventory_changed",
            "conditions": {
                "items": [
                    {
                        "item": "minecraft:skeleton_skull"
                    }
                ]
            }
        },
		"wither_skeleton": {
            "trigger": "minecraft:inventory_changed",
            "conditions": {
                "items": [
                    {
                        "item": "minecraft:wither_skeleton_skull"
                    }
                ]
            }
        },
		"zombie": {
            "trigger": "minecraft:inventory_changed",
            "conditions": {
                "items": [
                    {
                        "item": "minecraft:zombie_head"
                    }
                ]
            }
        },
		"creeper": {
            "trigger": "minecraft:inventory_changed",
            "conditions": {
                "items": [
                    {
                        "item": "minecraft:creeper_head"
                    }
                ]
            }
        },
		"dragon": {
			"trigger": "minecraft:inventory_changed",
			"conditions": {
				"items": [
					{
						"item": "minecraft:dragon_head"
					}
				]
			}
		}
    },
	"requirements": [
		[
			"skeleton",
			"wither_skeleton",
			"zombie",
			"creeper",
			"dragon"
		]
	]
}