{
    "display": {
        "icon": {
            "item": "minecraft:tipped_arrow",
			"nbt": "{Potion:\"minecraft:slowness\"}"
        },
        "title": "A Song of Ice and Fire",
        "description": "Kill a husk and a stray"
    },
    "parent": "custom:combat/kill_a_mob",
	"criteria": {
		"husk": {
			"trigger": "minecraft:player_killed_entity",
			"conditions": {
				"entity": {
					"type": "minecraft:husk"
				}
			}
		},
		"stray": {
			"trigger": "minecraft:player_killed_entity",
			"conditions": {
				"entity": {
					"type": "minecraft:stray"
				}
			}
		}
	}
}