{
    "display": {
        "icon": {
            "item": "minecraft:iron_sword"
        },
        "title": {
            "translate": "advancements.adventure.kill_a_mob.title"
        },
        "description": {
            "translate": "advancements.adventure.kill_a_mob.description"
        }
    },
    "parent": "custom:combat/make_sword",
	"criteria": {
		"cave_spider": {
			"trigger": "minecraft:player_killed_entity",
			"conditions": {
				"entity": {
					"type": "minecraft:cave_spider"
				}
			}
		},
		"spider": {
			"trigger": "minecraft:player_killed_entity",
			"conditions": {
				"entity": {
					"type": "minecraft:spider"
				}
			}
		},
		"zombie_pigman": {
			"trigger": "minecraft:player_killed_entity",
			"conditions": {
				"entity": {
					"type": "minecraft:zombie_pigman"
				}
			}
		},
		"enderman": {
			"trigger": "minecraft:player_killed_entity",
			"conditions": {
				"entity": {
					"type": "minecraft:enderman"
				}
			}
		},
		"polar_bear": {
			"trigger": "minecraft:player_killed_entity",
			"conditions": {
				"entity": {
					"type": "minecraft:polar_bear"
				}
			}
		},
		"blaze": {
			"trigger": "minecraft:player_killed_entity",
			"conditions": {
				"entity": {
					"type": "minecraft:blaze"
				}
			}
		},
		"creeper": {
			"trigger": "minecraft:player_killed_entity",
			"conditions": {
				"entity": {
					"type": "minecraft:creeper"
				}
			}
		},
		"evoker": {
			"trigger": "minecraft:player_killed_entity",
			"conditions": {
				"entity": {
					"type": "minecraft:evoker"
				}
			}
		},
		"ghast": {
			"trigger": "minecraft:player_killed_entity",
			"conditions": {
				"entity": {
					"type": "minecraft:ghast"
				}
			}
		},
		"guardian": {
			"trigger": "minecraft:player_killed_entity",
			"conditions": {
				"entity": {
					"type": "minecraft:guardian"
				}
			}
		},
		"husk": {
			"trigger": "minecraft:player_killed_entity",
			"conditions": {
				"entity": {
					"type": "minecraft:husk"
				}
			}
		},
		"magma_cube": {
			"trigger": "minecraft:player_killed_entity",
			"conditions": {
				"entity": {
					"type": "minecraft:magma_cube"
				}
			}
		},
		"shulker": {
			"trigger": "minecraft:player_killed_entity",
			"conditions": {
				"entity": {
					"type": "minecraft:shulker"
				}
			}
		},
		"silverfish": {
			"trigger": "minecraft:player_killed_entity",
			"conditions": {
				"entity": {
					"type": "minecraft:silverfish"
				}
			}
		},
		"skeleton": {
			"trigger": "minecraft:player_killed_entity",
			"conditions": {
				"entity": {
					"type": "minecraft:skeleton"
				}
			}
		},
		"slime": {
			"trigger": "minecraft:player_killed_entity",
			"conditions": {
				"entity": {
					"type": "minecraft:slime"
				}
			}
		},
		"stray": {
			"trigger": "minecraft:player_killed_entity",
			"conditions": {
				"entity": {
					"type": "minecraft:stray"
				}
			}
		},
		"vindicator": {
			"trigger": "minecraft:player_killed_entity",
			"conditions": {
				"entity": {
					"type": "minecraft:vindicator"
				}
			}
		},
		"witch": {
			"trigger": "minecraft:player_killed_entity",
			"conditions": {
				"entity": {
					"type": "minecraft:witch"
				}
			}
		},
		"wither_skeleton": {
			"trigger": "minecraft:player_killed_entity",
			"conditions": {
				"entity": {
					"type": "minecraft:wither_skeleton"
				}
			}
		},
		"zombie": {
			"trigger": "minecraft:player_killed_entity",
			"conditions": {
				"entity": {
					"type": "minecraft:zombie"
				}
			}
		},
		"zombie_villager": {
			"trigger": "minecraft:player_killed_entity",
			"conditions": {
				"entity": {
					"type": "minecraft:zombie_villager"
				}
			}
		},
		"phantom": {
			"trigger": "minecraft:player_killed_entity",
			"conditions": {
				"entity": {
					"type": "minecraft:phantom"
				}
			}
		},
		"drowned": {
			"trigger": "minecraft:player_killed_entity",
			"conditions": {
				"entity": {
					"type": "minecraft:drowned"
				}
			}
		}
	},
	"requirements": [
		[
			"cave_spider",
			"spider",
			"zombie_pigman",
			"enderman",
			"polar_bear",
			"blaze",
			"creeper",
			"evoker",
			"ghast",
			"guardian",
			"husk",
			"magma_cube",
			"shulker",
			"silverfish",
			"skeleton",
			"slime",
			"stray",
			"vindicator",
			"witch",
			"wither_skeleton",
			"zombie",
			"zombie_villager",
			"phantom",
			"drowned"
		]
	]
}