{
    "display": {
        "icon": {
            "item": "minecraft:skeleton_skull"
        },
        "title": {
            "translate": "Sniper Duel"
        },
        "description": {
            "translate": "advancements.adventure.sniper_duel.description"
        },
        "frame": "challenge"
    },
    "parent": "custom:combat/shoot_arrow",
	"rewards": {
        "experience": 100
    },
     "criteria": {
		"projectile_kill_skeleton": {
			"trigger": "minecraft:player_killed_entity",
			"conditions": {
				"entity": {
					"type": "minecraft:skeleton",
					"distance": {
						"horizontal": {
							"min": 50.0
						}
					}
				},
				"killing_blow": {
					"is_projectile": true
				}
			}
		}
	}
}