{
    "display": {
        "icon": {
            "item": "minecraft:spectral_arrow"
        },
        "title": "Nowhere to Hide",
        "description": "Shoot something with a spectral arrow"
    },
    "parent": "custom:combat/special_arrow",
    "criteria": {
        "spectral_arrow": {
            "trigger": "minecraft:player_hurt_entity",
            "conditions": {
                "damage": {
                    "type": {
                        "is_projectile": true,
                        "direct_entity": {
                            "type": "minecraft:spectral_arrow"
                        }
                    }
                }
            }
        }
    }
}