{
    "display": {
        "icon": {
            "item": "minecraft:stone_slab"
        },
        "title": "Moar Slabs",
        "description": "Craft every type of slab",
		"frame": "goal"
    },
    "parent": "custom:building/all_stairs",	
	"rewards": {
		"experience": 50
	},
    "criteria": {
		"oak_slab": {
            "trigger": "minecraft:inventory_changed",
            "conditions": {
                "items": [
                    {
                        "item": "minecraft:oak_slab"
                    }
                ]
            }
        },
        "spruce_slab": {
            "trigger": "minecraft:inventory_changed",
            "conditions": {
                "items": [
                    {
                        "item": "minecraft:spruce_slab"
                    }
                ]
            }
        },
        "birch_slab": {
            "trigger": "minecraft:inventory_changed",
            "conditions": {
                "items": [
                    {
                        "item": "minecraft:birch_slab"
                    }
                ]
            }
        },
        "jungle_slab": {
            "trigger": "minecraft:inventory_changed",
            "conditions": {
                "items": [
                    {
                        "item": "minecraft:jungle_slab"
                    }
                ]
            }
        },
        "acacia_slab": {
            "trigger": "minecraft:inventory_changed",
            "conditions": {
                "items": [
                    {
                        "item": "minecraft:acacia_slab"
                    }
                ]
            }
        },
        "dark_oak_slab": {
            "trigger": "minecraft:inventory_changed",
            "conditions": {
                "items": [
                    {
                        "item": "minecraft:dark_oak_slab"
                    }
                ]
            }
        },
        "stone_slab": {
            "trigger": "minecraft:inventory_changed",
            "conditions": {
                "items": [
                    {
                        "item": "minecraft:stone_slab"
                    }
                ]
            }
        },
        "sandstone_slab": {
            "trigger": "minecraft:inventory_changed",
            "conditions": {
                "items": [
                    {
                        "item": "minecraft:sandstone_slab"
                    }
                ]
            }
        },
		"petrified_oak_slab": {
            "trigger": "minecraft:inventory_changed",
            "conditions": {
                "items": [
                    {
                        "item": "minecraft:petrified_oak_slab"
                    }
                ]
            }
        },
        "cobblestone_slab": {
            "trigger": "minecraft:inventory_changed",
            "conditions": {
                "items": [
                    {
                        "item": "minecraft:cobblestone_slab"
                    }
                ]
            }
        },
        "brick_slab": {
            "trigger": "minecraft:inventory_changed",
            "conditions": {
                "items": [
                    {
                        "item": "minecraft:brick_slab"
                    }
                ]
            }
        },
        "stone_brick_slab": {
            "trigger": "minecraft:inventory_changed",
            "conditions": {
                "items": [
                    {
                        "item": "minecraft:stone_brick_slab"
                    }
                ]
            }
        },
        "nether_brick_slab": {
            "trigger": "minecraft:inventory_changed",
            "conditions": {
                "items": [
                    {
                        "item": "minecraft:nether_brick_slab"
                    }
                ]
            }
        },
		"quartz_slab": {
			"trigger": "minecraft:inventory_changed",
			"conditions": {
				"items": [
					{
						"item": "minecraft:quartz_slab"
					}
				]
			}
		},
		"red_sandstone_slab": {
            "trigger": "minecraft:inventory_changed",
            "conditions": {
                "items": [
                    {
                        "item": "minecraft:red_sandstone_slab"
                    }
                ]
            }
        },
		"purpur_slab": {
            "trigger": "minecraft:inventory_changed",
            "conditions": {
                "items": [
                    {
                        "item": "minecraft:purpur_slab"
                    }
                ]
            }
        },
		"prismarine_slab": {
			"trigger": "minecraft:inventory_changed",
			"conditions": {
				"items": [
					{
						"item": "minecraft:prismarine_slab"
					}
				]
			}
		},
		"prismarine_bricks_slab": {
			"trigger": "minecraft:inventory_changed",
			"conditions": {
				"items": [
					{
						"item": "minecraft:prismarine_brick_slab"
					}
				]
			}
		},
		"dark_prismarine_slab": {
			"trigger": "minecraft:inventory_changed",
			"conditions": {
				"items": [
					{
						"item": "minecraft:dark_prismarine_slab"
					}
				]
			}
		}
    }	
}