{
    "display": {
        "icon": {
            "item": "minecraft:brick"
        },
        "title": "Brick",
        "description": "Who would buy a brick for a toy?"
    },
    "parent": "custom:building/clay_ball",		
    "criteria": {
        "brick": {
            "trigger": "minecraft:inventory_changed",
            "conditions": {
                "items": [
                    {
                        "item": "minecraft:brick"
                    }
                ]
            }
        }
    }
}