{
	"display": {
		"icon": {
			"item": "minecraft:iron_sword"
		},
		"title": "Depopulation",
		"description": "Kill an animal"
	},
	"parent": "custom:livestock/breed_an_animal",
	"criteria": {
		"chicken": {
			"trigger": "minecraft:player_killed_entity",
			"conditions": {
				"entity": {
					"type": "minecraft:chicken"
				}
			}
		},
		"cow": {
			"trigger": "minecraft:player_killed_entity",
			"conditions": {
				"entity": {
					"type": "minecraft:cow"
				}
			}
		},
		"donkey": {
			"trigger": "minecraft:player_killed_entity",
			"conditions": {
				"entity": {
					"type": "minecraft:donkey"
				}
			}
		},
		"horse": {
			"trigger": "minecraft:player_killed_entity",
			"conditions": {
				"entity": {
					"type": "minecraft:horse"
				}
			}
		},
		"llama": {
			"trigger": "minecraft:player_killed_entity",
			"conditions": {
				"entity": {
					"type": "minecraft:llama"
				}
			}
		},
		"mooshroom": {
			"trigger": "minecraft:player_killed_entity",
			"conditions": {
				"entity": {
					"type": "minecraft:mooshroom"
				}
			}
		},
		"mule": {
			"trigger": "minecraft:player_killed_entity",
			"conditions": {
				"entity": {
					"type": "minecraft:mule"
				}
			}
		},
		"ocelot": {
			"trigger": "minecraft:player_killed_entity",
			"conditions": {
				"entity": {
					"type": "minecraft:ocelot"
				}
			}
		},
		"parrot": {
			"trigger": "minecraft:player_killed_entity",
			"conditions": {
				"entity": {
					"type": "minecraft:parrot"
				}
			}
		},
		"pig": {
			"trigger": "minecraft:player_killed_entity",
			"conditions": {
				"entity": {
					"type": "minecraft:pig"
				}
			}
		},
		"polar_bear": {
			"trigger": "minecraft:player_killed_entity",
			"conditions": {
				"entity": {
					"type": "minecraft:polar_bear"
				}
			}
		},
		"rabbit": {
			"trigger": "minecraft:player_killed_entity",
			"conditions": {
				"entity": {
					"type": "minecraft:rabbit"
				}
			}
		},
		"sheep": {
			"trigger": "minecraft:player_killed_entity",
			"conditions": {
				"entity": {
					"type": "minecraft:sheep"
				}
			}
		},
		"turtle": {
			"trigger": "minecraft:player_killed_entity",
			"conditions": {
				"entity": {
					"type": "minecraft:turtle"
				}
			}
		},
		"wolf": {
			"trigger": "minecraft:player_killed_entity",
			"conditions": {
				"entity": {
					"type": "minecraft:wolf"
				}
			}
		}
	},
	"requirements": [
		[
			"chicken",
			"cow",
			"donkey",
			"horse",
			"llama",
			"mooshroom",
			"mule",
			"ocelot",
			"parrot",
			"pig",
			"polar_bear",
			"rabbit",
			"sheep",
			"turtle",
			"wolf"
		]
	]
}