{
	"display": {
		"icon": {
			"item": "minecraft:beef"
		},
		"title": "Protein, Please!",
		"description": "Kill an animal for its meat"
	},
	"parent": "custom:livestock/kill_an_animal",
	"criteria": {
		"porkchop": {
			"trigger": "minecraft:inventory_changed",
			"conditions": {
				"items": [
					{
						"item": "minecraft:porkchop"
					}
				]
			}
		},
		"beef": {
			"trigger": "minecraft:inventory_changed",
			"conditions": {
				"items": [
					{
						"item": "minecraft:beef"
					}
				]
			}
		},
		"chicken": {
			"trigger": "minecraft:inventory_changed",
			"conditions": {
				"items": [
					{
						"item": "minecraft:chicken"
					}
				]
			}
		},
		"rabbit": {
			"trigger": "minecraft:inventory_changed",
			"conditions": {
				"items": [
					{
						"item": "minecraft:rabbit"
					}
				]
			}
		},
		"mutton": {
			"trigger": "minecraft:inventory_changed",
			"conditions": {
				"items": [
					{
						"item": "minecraft:mutton"
					}
				]
			}
		}
	},
	"requirements": [
		[
			"porkchop",
			"beef",
			"chicken",
			"rabbit",
			"mutton"
		]
	]
}