{
	"display": {
		"icon": {
			"item": "minecraft:oak_fence_gate"
		},
		"title": "Livestock",
		"description": "E I E I O",
		"background": "minecraft:textures/block/hay_block_top.png",
		"show_toast": false,
		"announce_to_chat": false
	},
	"criteria": {
		"bred_horse": {
            "trigger": "bred_animals",
            "conditions": {
                "parent": {
                    "type": "horse"
                }
            }
        },
        "bred_sheep": {
            "trigger": "bred_animals",
            "conditions": {
                "parent": {
                    "type": "sheep"
                }
            }
        },
        "bred_cow": {
            "trigger": "bred_animals",
            "conditions": {
                "parent": {
                    "type": "cow"
                }
            }
        },
        "bred_mooshroom": {
            "trigger": "bred_animals",
            "conditions": {
                "parent": {
                    "type": "mooshroom"
                }
            }
        },
        "bred_pig": {
            "trigger": "bred_animals",
            "conditions": {
                "parent": {
                    "type": "pig"
                }
            }
        },
        "bred_chicken": {
            "trigger": "bred_animals",
            "conditions": {
                "parent": {
                    "type": "chicken"
                }
            }
        },
        "bred_wolf": {
            "trigger": "bred_animals",
            "conditions": {
                "parent": {
                    "type": "wolf"
                }
            }
        },
        "bred_ocelot": {
            "trigger": "bred_animals",
            "conditions": {
                "parent": {
                    "type": "ocelot"
                }
            }
        },
        "bred_rabbit": {
            "trigger": "bred_animals",
            "conditions": {
                "parent": {
                    "type": "rabbit"
                }
            }
        },
        "bred_llama": {
            "trigger": "bred_animals",
            "conditions": {
                "parent": {
                    "type": "llama"
                }
            }
        },
		"chicken": {
			"trigger": "minecraft:player_killed_entity",
			"conditions": {
				"entity": {
					"type": "minecraft:chicken"
				}
			}
		},
		"cow": {
			"trigger": "minecraft:player_killed_entity",
			"conditions": {
				"entity": {
					"type": "minecraft:cow"
				}
			}
		},
		"mooshroom": {
			"trigger": "minecraft:player_killed_entity",
			"conditions": {
				"entity": {
					"type": "minecraft:mooshroom"
				}
			}
		},
		"pig": {
			"trigger": "minecraft:player_killed_entity",
			"conditions": {
				"entity": {
					"type": "minecraft:pig"
				}
			}
		},		
		"rabbit": {
			"trigger": "minecraft:player_killed_entity",
			"conditions": {
				"entity": {
					"type": "minecraft:rabbit"
				}
			}
		},
		"sheep": {
			"trigger": "minecraft:player_killed_entity",
			"conditions": {
				"entity": {
					"type": "minecraft:sheep"
				}
			}
		},
		"tamed_animal": {
            "trigger": "minecraft:tame_animal"
        }
    },
	"requirements": [
		[
			"bred_horse",
            "bred_sheep",
            "bred_cow",
            "bred_mooshroom",
            "bred_pig",
            "bred_chicken",
            "bred_wolf",
            "bred_ocelot",
            "bred_rabbit",
            "bred_llama",
			"chicken",
			"cow",
			"mooshroom",
			"pig",
			"rabbit",
			"sheep",
			"tamed_animal"
		]
	]
}
	