{
	"display": {
		"icon": {
			"item": "minecraft:apple"
		},
		"title": {
			"translate": "advancements.husbandry.balanced_diet.title"
		},
		"description": {
			"translate": "advancements.husbandry.balanced_diet.description"
		},
		"frame": "challenge"
	},
	"parent": "minecraft:husbandry/bake_bread",
	"rewards": {
		"experience": 250
	},
	"criteria": {
		"apple": {
			"trigger": "minecraft:consume_item",
			"conditions": {
				"item": {
					"item": "minecraft:apple"
				}
			}
		},
		"mushroom_stew": {
			"trigger": "minecraft:consume_item",
			"conditions": {
				"item": {
					"item": "minecraft:mushroom_stew"
				}
			}
		},
		"bread": {
			"trigger": "minecraft:consume_item",
			"conditions": {
				"item": {
					"item": "minecraft:bread"
				}
			}
		},
		"porkchop": {
			"trigger": "minecraft:consume_item",
			"conditions": {
				"item": {
					"item": "minecraft:porkchop"
				}
			}
		},
		"cooked_porkchop": {
			"trigger": "minecraft:consume_item",
			"conditions": {
				"item": {
					"item": "minecraft:cooked_porkchop"
				}
			}
		},
		"golden_apple": {
			"trigger": "minecraft:consume_item",
			"conditions": {
				"item": {
					"item": "minecraft:golden_apple"
				}
			}
		},
		"enchanted_golden_apple": {
			"trigger": "minecraft:consume_item",
			"conditions": {
				"item": {
					"item": "minecraft:enchanted_golden_apple"
				}
			}
		},
		"cod": {
			"trigger": "minecraft:consume_item",
			"conditions": {
				"item": {
					"item": "minecraft:cod"
				}
			}
		},
		"salmon": {
			"trigger": "minecraft:consume_item",
			"conditions": {
				"item": {
					"item": "minecraft:salmon"
				}
			}
		},
		"tropical_fish": {
			"trigger": "minecraft:consume_item",
			"conditions": {
				"item": {
					"item": "minecraft:tropical_fish"
				}
			}
		},
		"pufferfish": {
			"trigger": "minecraft:consume_item",
			"conditions": {
				"item": {
					"item": "minecraft:pufferfish"
				}
			}
		},
		"cooked_cod": {
			"trigger": "minecraft:consume_item",
			"conditions": {
				"item": {
					"item": "minecraft:cooked_cod"
				}
			}
		},
		"cooked_salmon": {
			"trigger": "minecraft:consume_item",
			"conditions": {
				"item": {
					"item": "minecraft:cooked_salmon"
				}
			}
		},
		"cookie": {
			"trigger": "minecraft:consume_item",
			"conditions": {
				"item": {
					"item": "minecraft:cookie"
				}
			}
		},
		"melon_slice": {
			"trigger": "minecraft:consume_item",
			"conditions": {
				"item": {
					"item": "minecraft:melon_slice"
				}
			}
		},
		"beef": {
			"trigger": "minecraft:consume_item",
			"conditions": {
				"item": {
					"item": "minecraft:beef"
				}
			}
		},
		"cooked_beef": {
			"trigger": "minecraft:consume_item",
			"conditions": {
				"item": {
					"item": "minecraft:cooked_beef"
				}
			}
		},
		"chicken": {
			"trigger": "minecraft:consume_item",
			"conditions": {
				"item": {
					"item": "minecraft:chicken"
				}
			}
		},
		"cooked_chicken": {
			"trigger": "minecraft:consume_item",
			"conditions": {
				"item": {
					"item": "minecraft:cooked_chicken"
				}
			}
		},
		"rotten_flesh": {
			"trigger": "minecraft:consume_item",
			"conditions": {
				"item": {
					"item": "minecraft:rotten_flesh"
				}
			}
		},
		"spider_eye": {
			"trigger": "minecraft:consume_item",
			"conditions": {
				"item": {
					"item": "minecraft:spider_eye"
				}
			}
		},
		"carrot": {
			"trigger": "minecraft:consume_item",
			"conditions": {
				"item": {
					"item": "minecraft:carrot"
				}
			}
		},
		"potato": {
			"trigger": "minecraft:consume_item",
			"conditions": {
				"item": {
					"item": "minecraft:potato"
				}
			}
		},
		"baked_potato": {
			"trigger": "minecraft:consume_item",
			"conditions": {
				"item": {
					"item": "minecraft:baked_potato"
				}
			}
		},
		"poisonous_potato": {
			"trigger": "minecraft:consume_item",
			"conditions": {
				"item": {
					"item": "minecraft:poisonous_potato"
				}
			}
		},
		"golden_carrot": {
			"trigger": "minecraft:consume_item",
			"conditions": {
				"item": {
					"item": "minecraft:golden_carrot"
				}
			}
		},
		"pumpkin_pie": {
			"trigger": "minecraft:consume_item",
			"conditions": {
				"item": {
					"item": "minecraft:pumpkin_pie"
				}
			}
		},
		"rabbit": {
			"trigger": "minecraft:consume_item",
			"conditions": {
				"item": {
					"item": "minecraft:rabbit"
				}
			}
		},
		"cooked_rabbit": {
			"trigger": "minecraft:consume_item",
			"conditions": {
				"item": {
					"item": "minecraft:cooked_rabbit"
				}
			}
		},
		"rabbit_stew": {
			"trigger": "minecraft:consume_item",
			"conditions": {
				"item": {
					"item": "minecraft:rabbit_stew"
				}
			}
		},
		"mutton": {
			"trigger": "minecraft:consume_item",
			"conditions": {
				"item": {
					"item": "minecraft:mutton"
				}
			}
		},
		"cooked_mutton": {
			"trigger": "minecraft:consume_item",
			"conditions": {
				"item": {
					"item": "minecraft:cooked_mutton"
				}
			}
		},
		"chorus_fruit": {
			"trigger": "minecraft:consume_item",
			"conditions": {
				"item": {
					"item": "minecraft:chorus_fruit"
				}
			}
		},
		"beetroot": {
			"trigger": "minecraft:consume_item",
			"conditions": {
				"item": {
					"item": "minecraft:beetroot"
				}
			}
		},
		"beetroot_soup": {
			"trigger": "minecraft:consume_item",
			"conditions": {
				"item": {
					"item": "minecraft:beetroot_soup"
				}
			}
		},
		"dried_kelp": {
			"trigger": "minecraft:consume_item",
			"conditions": {
				"item": {
					"item": "minecraft:dried_kelp"
				}
			}
		}
	}
}