{
	"display": {
		"icon": {
			"item": "minecraft:spider_eye"
		},
		"title": "Desperate Times",
		"description": "Eat everything bad for you",
		"frame": "goal"
	},
	"parent": "minecraft:husbandry/root",
	"criteria": {
		"chicken": {
			"trigger": "minecraft:consume_item",
			"conditions": {
				"item": {
					"item": "minecraft:chicken"
				}
			}
		},
		"pufferfish": {
			"trigger": "minecraft:consume_item",
			"conditions": {
				"item": {
					"item": "minecraft:pufferfish"
				}
			}
		},
		"rotten_flesh": {
			"trigger": "minecraft:consume_item",
			"conditions": {
				"item": {
					"item": "minecraft:rotten_flesh"
				}
			}
		},
		"spider_eye": {
			"trigger": "minecraft:consume_item",
			"conditions": {
				"item": {
					"item": "minecraft:spider_eye"
				}
			}
		},
		"poisonous_potato": {
			"trigger": "minecraft:consume_item",
			"conditions": {
				"item": {
					"item": "minecraft:poisonous_potato"
				}
			}
		}
	}
}