{
	"display": {
		"icon": {
			"item": "minecraft:cookie"
		},
		"title": "Fat and Lazy",
		"description": "Eat every dessert",
		"frame": "goal"
	},
	"parent": "minecraft:husbandry/make_cake",
	"criteria": {
		"cake": {
			"trigger": "minecraft:placed_block",
			"conditions": {
				"block": "minecraft:cake"
			}
		},
		"cookie": {
			"trigger": "minecraft:consume_item",
			"conditions": {
				"item": {
					"item": "minecraft:cookie"
				}
			}
		},
		"pie": {
			"trigger": "minecraft:consume_item",
			"conditions": {
				"item": {
					"item": "minecraft:pumpkin_pie"
				}
			}
		}
	}
}