{
    "display": {
        "icon": {
            "item": "minecraft:wheat_seeds"
        },
        "title": {
            "translate": "advancements.husbandry.plant_seed.title"
        },
        "description": {
            "translate": "advancements.husbandry.plant_seed.description"
        }
    },
    "parent": "minecraft:husbandry/time_to_farm",
    "criteria": {
        "wheat_seeds": {
            "trigger": "minecraft:placed_block",
            "conditions": {
                "item": {
					"item": "minecraft:wheat_seeds"
				}
            }
        },
        "pumpkin_seeds": {
            "trigger": "minecraft:placed_block",
            "conditions": {
                "item": {
					"item": "minecraft:pumpkin_seeds"
				}
            }
        },
        "melon_seeds": {
            "trigger": "minecraft:placed_block",
            "conditions": {
                "item": {
					"item": "minecraft:melon_seeds"
				}
            }
        },
        "beetroot_seeds": {
            "trigger": "minecraft:placed_block",
            "conditions": {
                "item": {
					"item": "minecraft:beetroot_seeds"
				}
            }
        },
		"potato": {
			"trigger": "minecraft:placed_block",
			"conditions": {
				"item": {
                    "item": "minecraft:potato"
                }
			}
		},
		"carrot": {
			"trigger": "minecraft:placed_block",
			"conditions": {
				"item": {
					"item": "minecraft:carrot"
				}
			}
		}
    },
    "requirements": [
        [
            "wheat_seeds",
			"pumpkin_seeds",
			"melon_seeds",
			"beetroot_seeds",
			"potato",
			"carrot"
        ]
    ]
}