{
    "display": {
        "icon": {
            "item": "minecraft:beetroot_seeds"
        },
        "title": "Green Thumb",
        "description": "Plant everything you can in tilled ground",
		"frame": "goal"
    },
    "parent": "minecraft:husbandry/plant_seed",
    "criteria": {
        "wheat_seeds": {
            "trigger": "minecraft:placed_block",
            "conditions": {
                "item": {
					"item": "minecraft:wheat_seeds"
				}
            }
        },
        "pumpkin_seeds": {
            "trigger": "minecraft:placed_block",
            "conditions": {
                "item": {
					"item": "minecraft:pumpkin_seeds"
				}
            }
        },
        "melon_seeds": {
            "trigger": "minecraft:placed_block",
            "conditions": {
                "item": {
					"item": "minecraft:melon_seeds"
				}
            }
        },
        "beetroot_seeds": {
            "trigger": "minecraft:placed_block",
            "conditions": {
                "item": {
					"item": "minecraft:beetroot_seeds"
				}
            }
        },
		"potato": {
			"trigger": "minecraft:placed_block",
			"conditions": {
				"item": {
                    "item": "minecraft:potato"
                }
			}
		},
		"carrot": {
			"trigger": "minecraft:placed_block",
			"conditions": {
				"item": {
					"item": "minecraft:carrot"
				}
			}
		}
    }
}