{
   "pools":[
      {
         "conditions":[
            {
               "condition":"killed_by_player"
            },
            {
               "condition":"random_chance_with_looting",
               "chance":0.02,
               "looting_multiplier":0.01
            }
         ],
         "rolls":1,
         "entries":[
            {
               "type":"item",
               "name":"minecraft:player_head",
               "weight":1,
               "functions":[
                  {
                     "function":"set_nbt",
                     "tag":"{display:{Name:\"{\\\"text\\\":\\\"§r§eEndermite Head\\\"}\"},SkullOwner:{Id:\"33c425bb-a294-4e01-9b5b-a8ad652bb5cf\",Properties:{textures:[{Value:\"eyJ0ZXh0dXJlcyI6eyJTS0lOIjp7InVybCI6Imh0dHA6Ly90ZXh0dXJlcy5taW5lY3JhZnQubmV0L3RleHR1cmUvODRhYWZmYTRjMDllMmVhZmI4NWQzNTIyMTIyZGIwYWE0NTg3NGJlYTRlM2Y1ZTc1NjZiNGQxNjZjN2RmOCJ9fX0=\"}]}}}"
                  }
               ]
            }
         ]
      }
   ]
}