{
    "pools": [
        {
		"conditions": [
                {
                    "condition": "killed_by_player"
                },
                {
                    "condition": "random_chance_with_looting",
                    "chance": 0.04,
                    "looting_multiplier": 0.02
                }
            ],
            "rolls": 1,
            "entries": [
                {
                    "type": "item",
                    "name": "minecraft:player_head",
                    "weight": 2,
                    "functions": [
						{
                            "function": "set_nbt",
                            "tag": "{display:{Name:\"{\\\"text\\\":\\\"§r§eOcelot Head\\\"}\"},SkullOwner:{Id:\"664dd492-3fcd-443b-9e61-4c7ebd9e4e10\",Properties:{textures:[{Value:\"eyJ0ZXh0dXJlcyI6eyJTS0lOIjp7InVybCI6Imh0dHA6Ly90ZXh0dXJlcy5taW5lY3JhZnQubmV0L3RleHR1cmUvNTY1N2NkNWMyOTg5ZmY5NzU3MGZlYzRkZGNkYzY5MjZhNjhhMzM5MzI1MGMxYmUxZjBiMTE0YTFkYjEifX19\"}]}}}"
                        }
                    ]
                },
				{
                    "type": "item",
                    "name": "minecraft:player_head",
                    "weight": 1,
                    "functions": [
						{
                            "function": "set_nbt",
                            "tag": "{display:{Name:\"{\\\"text\\\":\\\"§r§eBlack Cat Head\\\"}\"},SkullOwner:{Id:\"82cf1e27-3b94-4f81-9f4a-d79f4b4b0a2a\",Properties:{textures:[{Value:\"eyJ0ZXh0dXJlcyI6eyJTS0lOIjp7InVybCI6Imh0dHA6Ly90ZXh0dXJlcy5taW5lY3JhZnQubmV0L3RleHR1cmUvZjJhNjYyZjJhZTdkZWJlZTY1MjkyYzJiZjQyZmJiMDliOTdiMmZmYmRiMjcwNTIwYzJkYjk2ZTUxZDg5NDUifX19\"}]}}}"
                        }
                    ]
                },
				{
                    "type": "item",
                    "name": "minecraft:player_head",
                    "weight": 1,
                    "functions": [
						{
                            "function": "set_nbt",
                            "tag": "{display:{Name:\"{\\\"text\\\":\\\"§r§eGinger Cat Head\\\"}\"},SkullOwner:{Id:\"4b386bcf-a8e6-4461-b738-d5427bae49ad\",Properties:{textures:[{Value:\"eyJ0ZXh0dXJlcyI6eyJTS0lOIjp7InVybCI6Imh0dHA6Ly90ZXh0dXJlcy5taW5lY3JhZnQubmV0L3RleHR1cmUvYTc1NWU3ZGYwNGQxOGIzMWQ2M2MxN2Y0YTdiNGM3MzkyNGJkNjI2NWRhNjllMTEzZWRkZDk3NTE2ZmM3In19fQ==\"}]}}}"
                        }
                    ]
                },
				{
                    "type": "item",
                    "name": "minecraft:player_head",
                    "weight": 1,
                    "functions": [
						{
                            "function": "set_nbt",
                            "tag": "{display:{Name:\"{\\\"text\\\":\\\"§r§eSiamese Cat Head\\\"}\"},SkullOwner:{Id:\"1775ad8a-06ac-4d62-a21b-593dcfcd2192\",Properties:{textures:[{Value:\"eyJ0ZXh0dXJlcyI6eyJTS0lOIjp7InVybCI6Imh0dHA6Ly90ZXh0dXJlcy5taW5lY3JhZnQubmV0L3RleHR1cmUvYWI4ODFjMzliM2FmZGNjNzlmOTFmZTVkZTNjZGQwMTViYzMzNTM4NDNmNTkxZjRkMjNjZDMwMjdkZTRlNiJ9fX0=\"}]}}}"
                        }
                    ]
                }
            ]
        }
    ]
}